Series Name,Series Code,countryName,Country Code,YR1990,YR2000,YR2005,YR2006,YR2007,2008 [YR2008],2009 [YR2009],2010 [YR2010],2011 [YR2011],2012 [YR2012],year2013,YR2014
"Population, total",SP.POP.TOTL,Afghanistan,AFG,11731193,20595360,24860855,25631282,26349243,27032197,27708187,28397812,29105480,29824536,30551674,
"Population, total",SP.POP.TOTL,Albania,ALB,3286542,3089027,3011487,2992547,2970017,2947314,2927519,2913021,2904780,2900489,2897366,
"Population, total",SP.POP.TOTL,Algeria,DZA,26239708,31719449,33960903,34507214,35097043,35725377,36383302,37062820,37762962,38481705,39208194,
"Population, total",SP.POP.TOTL,American Samoa,ASM,47044,57522,59117,58652,57919,57053,56245,55636,55274,55128,55165,
"Population, total",SP.POP.TOTL,Andorra,ADO,54511,65399,81223,81877,81292,79969,78659,77907,77865,78360,79218,
"Population, total",SP.POP.TOTL,Angola,AGO,10333844,13924930,16544376,17122409,17712824,18314441,18926650,19549124,20180490,20820525,21471618,
"Population, total",SP.POP.TOTL,Antigua and Barbuda,ATG,61906,77648,82565,83467,84397,85349,86300,87233,88152,89069,89985,
"Population, total",SP.POP.TOTL,Argentina,ARG,32624874,36903067,38647854,38988923,39331357,39676083,40023641,40374224,40728738,41086927,41446246,
"Population, total",SP.POP.TOTL,Armenia,ARM,3544695,3076098,3014917,3002911,2989882,2977488,2968154,2963496,2964120,2969081,2976566,
"Population, total",SP.POP.TOTL,Aruba,ABW,62148,90858,100031,100830,101219,101344,101418,101597,101932,102384,102911,
"Population, total",SP.POP.TOTL,Australia,AUS,17065100,19153000,20394800,20697900,20827600,21249200,21691700,22031800,22340000,22728300,23129300,
"Population, total",SP.POP.TOTL,Austria,AUT,7677850,8011566,8227829,8268641,8295487,8321496,8343323,8363404,8391643,8429991,8479823,
"Population, total",SP.POP.TOTL,Azerbaijan,AZE,7159000,8048600,8391850,8484550,8581300,8763400,8947243,9054332,9173082,9295784,9416801,
"Population, total",SP.POP.TOTL,"Bahamas, The",BHS,256338,297759,329088,335622,342049,348340,354492,360498,366331,371960,377374,
"Population, total",SP.POP.TOTL,Bahrain,BHR,495944,668239,879534,950951,1032353,1116038,1191539,1251513,1292764,1317827,1332171,
"Population, total",SP.POP.TOTL,Bangladesh,BGD,107385847,132383265,143135180,144868702,146457067,147969967,149503100,151125475,152862431,154695368,156594962,
"Population, total",SP.POP.TOTL,Barbados,BRB,259336,267190,273568,274923,276277,277634,279006,280396,281804,283221,284644,
"Population, total",SP.POP.TOTL,Belarus,BLR,10189000,10005000,9663000,9604000,9560000,9528000,9507000,9490000,9473000,9464000,9466000,
"Population, total",SP.POP.TOTL,Belgium,BEL,9967379,10251250,10478617,10547958,10625700,10709973,10796493,10920272,11047744,11128246,11182817,
"Population, total",SP.POP.TOTL,Belize,BLZ,187552,238586,271920,278985,286196,293544,301016,308595,316280,324060,331900,
"Population, total",SP.POP.TOTL,Benin,BEN,5001271,6949366,8182362,8443671,8707490,8973293,9240783,9509798,9779795,10050702,10323474,
"Population, total",SP.POP.TOTL,Bermuda,BMU,59326,61833,64154,64523,64888,65273,65636,65124,64564,64798,65024,
"Population, total",SP.POP.TOTL,Bhutan,BTN,535738,564350,650417,665568,679365,692159,704542,716939,729429,741822,753947,
"Population, total",SP.POP.TOTL,Bolivia,BOL,6794046,8495271,9354709,9517395,9676456,9834098,9993406,10156601,10324445,10496285,10671200,
"Population, total",SP.POP.TOTL,Bosnia and Herzegovina,BIH,4526511,3834364,3879828,3875157,3868665,3861201,3853446,3845929,3839322,3833916,3829307,
"Population, total",SP.POP.TOTL,Botswana,BWA,1383912,1755375,1875805,1895944,1915187,1933719,1951715,1969341,1986701,2003910,2021144,
"Population, total",SP.POP.TOTL,Brazil,BRA,149648341,174504898,186142403,188134315,189996976,191765567,193490922,195210154,196935134,198656019,200361925,
"Population, total",SP.POP.TOTL,Brunei Darussalam,BRN,256929,331801,367815,374697,381440,388017,394400,400569,406512,412238,417784,
"Population, total",SP.POP.TOTL,Bulgaria,BGR,8718289,8170172,7739900,7699020,7545338,7492561,7444443,7395599,7348328,7305888,7265115,
"Population, total",SP.POP.TOTL,Burkina Faso,BFA,8811033,11607944,13421929,13822257,14235075,14659646,15094967,15540284,15995313,16460141,16934839,
"Population, total",SP.POP.TOTL,Burundi,BDI,5605873,6674286,7770392,8042579,8328312,8624280,8926687,9232753,9540362,9849569,10162532,
"Population, total",SP.POP.TOTL,Cabo Verde,CPV,351960,442426,478651,481940,483713,484651,485714,487601,490556,494401,498897,
"Population, total",SP.POP.TOTL,Cambodia,KHM,9057339,12222871,13356424,13555054,13747288,13940518,14144225,14364931,14605862,14864646,15135169,
"Population, total",SP.POP.TOTL,Cameroon,CMR,12070359,15927713,18137734,18611937,19097676,19595026,20103945,20624343,21156272,21699631,22253959,
"Population, total",SP.POP.TOTL,Canada,CAN,27791000,30769700,32312000,32570505,32887928,33245773,33628571,34005274,34342780,34752128,35154279,
"Population, total",SP.POP.TOTL,Cayman Islands,CYM,25009,41685,48623,50026,51472,52912,54275,55509,56601,57570,58435,
"Population, total",SP.POP.TOTL,Central African Republic,CAF,2912824,3638316,3960897,4032102,4106897,4185106,4266247,4349921,4436217,4525209,4616417,
"Population, total",SP.POP.TOTL,Chad,TCD,5951574,8301151,10014413,10356822,10694366,11030628,11371325,11720781,12080037,12448175,12825314,
"Population, total",SP.POP.TOTL,Channel Islands,CHI,140669,148725,154298,155406,156497,157554,158565,159518,160407,161235,162018,
"Population, total",SP.POP.TOTL,Chile,CHL,13213930,15454402,16337749,16504530,16668892,16831184,16991729,17150760,17308449,17464814,17619708,
"Population, total",SP.POP.TOTL,China,CHN,1135185000,1262645000,1303720000,1311020000,1317885000,1324655000,1331260000,1337705000,1344130000,1350695000,1357380000,
"Population, total",SP.POP.TOTL,Colombia,COL,33306941,39897984,43184026,43841370,44498390,45153037,45802561,46444798,47078792,47704427,48321405,
"Population, total",SP.POP.TOTL,Comoros,COM,412790,528312,600733,616526,632736,649291,666097,683081,700216,717503,734917,
"Population, total",SP.POP.TOTL,"Congo, Dem. Rep.",ZAR,34910591,46949244,54028003,55590838,57187942,58819038,60486276,62191161,63931512,65705093,67513677,
"Population, total",SP.POP.TOTL,"Congo, Rep.",COG,2383283,3126204,3542867,3646653,3758858,3876475,3995146,4111715,4225359,4337051,4447632,
"Population, total",SP.POP.TOTL,Costa Rica,CRI,3078551,3929588,4320130,4392493,4463226,4532711,4601424,4669685,4737680,4805295,4872166,
"Population, total",SP.POP.TOTL,Cote d'Ivoire,CIV,12115806,16131332,17393994,17662417,17949061,18260044,18601342,18976588,19389954,19839750,20316086,
"Population, total",SP.POP.TOTL,Croatia,HRV,4780000,4426000,4442000,4440000,4436000,4434508,4429078,4417781,4280622,4267558,4255700,
"Population, total",SP.POP.TOTL,Cuba,CUB,10600841,11138416,11292078,11301100,11301674,11296355,11288826,11281768,11276053,11270957,11265629,
"Population, total",SP.POP.TOTL,Curacao,CUW,145400,133860,137658,141239,144056,145880,146832,148695,150830,152086,153817,
"Population, total",SP.POP.TOTL,Cyprus,CYP,766611,943287,1032586,1048314,1063095,1077089,1090553,1103685,1116513,1128994,1141166,
"Population, total",SP.POP.TOTL,Czech Republic,CZE,10333355,10255063,10211216,10238905,10298828,10384603,10443936,10474410,10496088,10510785,10514272,
"Population, total",SP.POP.TOTL,Denmark,DNK,5140939,5339616,5419432,5437272,5461438,5493621,5523095,5547683,5570572,5591572,5614932,
"Population, total",SP.POP.TOTL,Djibouti,DJI,589924,722887,776585,787544,798690,810100,821865,834036,846646,859652,872932,
"Population, total",SP.POP.TOTL,Dominica,DMA,70928,69679,70542,70690,70795,70883,70996,71167,71401,71684,72003,
"Population, total",SP.POP.TOTL,Dominican Republic,DOM,7245127,8663421,9343362,9479269,9615015,9750195,9884265,10016797,10147598,10276621,10403761,
"Population, total",SP.POP.TOTL,Ecuador,ECU,10123593,12533087,13777131,14023503,14268397,14512402,14756424,15001072,15246481,15492264,15737878,
"Population, total",SP.POP.TOTL,"Egypt, Arab Rep.",EGY,56336614,66136590,71777678,72990754,74229577,75491922,76775023,78075705,79392466,80721874,82056378,
"Population, total",SP.POP.TOTL,El Salvador,SLV,5344226,5958794,6072538,6096692,6122952,6151776,6183484,6218195,6256242,6297394,6340454,
"Population, total",SP.POP.TOTL,Equatorial Guinea,GNQ,373851,518179,603648,621517,639618,658025,676851,696167,715996,736296,757014,
"Population, total",SP.POP.TOTL,Eritrea,ERI,3272563,3939348,4854066,5035036,5209846,5382163,5557889,5741159,5932852,6130922,6333135,
"Population, total",SP.POP.TOTL,Estonia,EST,1569174,1396985,1354775,1346810,1340680,1337090,1334515,1331475,1327439,1322696,1317997,
"Population, total",SP.POP.TOTL,Ethiopia,ETH,48042755,66024199,76167240,78290649,80440708,82621190,84838032,87095281,89393063,91728849,94100756,
"Population, total",SP.POP.TOTL,Faeroe Islands,FRO,48031,46491,49157,49414,49554,49601,49600,49581,49551,49506,49469,
"Population, total",SP.POP.TOTL,Fiji,FJI,728339,811647,822484,828060,835392,843851,852479,860559,867921,874742,881065,
"Population, total",SP.POP.TOTL,Finland,FIN,4986431,5176209,5246096,5266268,5288720,5313399,5338871,5363352,5388272,5413971,5438972,
"Population, total",SP.POP.TOTL,France,FRA,58409202,60911057,63176246,63617975,64012572,64371099,64702921,65023142,65343588,65649570,65939866,
"Population, total",SP.POP.TOTL,French Polynesia,PYF,198370,237267,254884,257731,260361,262877,265412,268065,270874,273814,276831,
"Population, total",SP.POP.TOTL,Gabon,GAB,946703,1225527,1379465,1412907,1447388,1482843,1519155,1556222,1594034,1632572,1671711,
"Population, total",SP.POP.TOTL,"Gambia, The",GMB,916811,1228863,1436549,1482324,1529406,1577984,1628332,1680640,1734966,1791225,1849285,
"Population, total",SP.POP.TOTL,Georgia,GEO,4802000,4418300,4361400,4398000,4388400,4383800,4410900,4452800,4483350,4490700,4487200,
"Population, total",SP.POP.TOTL,Germany,DEU,79433029,82211508,82469422,82376451,82266372,82110097,81902307,81776930,81797673,80425823,80651873,
"Population, total",SP.POP.TOTL,Ghana,GHA,14628693,18825034,21384034,21947779,22525659,23110139,23691533,24262901,24820706,25366462,25904598,
"Population, total",SP.POP.TOTL,Greece,GRC,10156902,10917482,11092913,11127947,11163002,11186439,11187085,11153454,11123213,11092771,11027549,
"Population, total",SP.POP.TOTL,Greenland,GRL,55600,56200,56935,56774,56555,56328,56323,56905,56890,56810,56483,
"Population, total",SP.POP.TOTL,Grenada,GRD,96286,101620,102951,103260,103586,103932,104296,104677,105074,105483,105897,
"Population, total",SP.POP.TOTL,Guam,GUM,130482,155328,158401,158429,158331,158310,158621,159440,160858,162810,165124,
"Population, total",SP.POP.TOTL,Guatemala,GTM,8890329,11204183,12678919,12995374,13317931,13648307,13988988,14341576,14706578,15082831,15468203,
"Population, total",SP.POP.TOTL,Guinea,GIN,6020113,8746128,9576331,9798963,10046967,10314678,10593248,10876033,11161530,11451273,11745189,
"Population, total",SP.POP.TOTL,Guinea-Bissau,GNB,1017385,1273312,1421515,1452659,1484337,1516920,1550905,1586624,1624228,1663558,1704255,
"Population, total",SP.POP.TOTL,Guyana,GUY,725043,744471,760834,765367,770407,775739,781055,786126,790882,795369,799613,
"Population, total",SP.POP.TOTL,Haiti,HTI,7110116,8578234,9260879,9388642,9513714,9638255,9765153,9896400,10032864,10173775,10317461,
"Population, total",SP.POP.TOTL,Honduras,HND,4903694,6235561,6898825,7037428,7178436,7322368,7469844,7621204,7776669,7935846,8097688,
"Population, total",SP.POP.TOTL,"Hong Kong SAR, China",HKG,5704500,6665000,6813200,6857100,6916300,6957800,6972800,7024200,7071600,7154600,7187500,
"Population, total",SP.POP.TOTL,Hungary,HUN,10373988,10210971,10087065,10071370,10055780,10038188,10022650,10000023,9971727,9920362,9893899,
"Population, total",SP.POP.TOTL,Iceland,ISL,254826,281205,296734,303782,311566,317414,318499,318041,319014,320716,323764,
"Population, total",SP.POP.TOTL,India,IND,868890700,1042261758,1127143548,1143289350,1159095250,1174662334,1190138069,1205624648,1221156319,1236686732,1252139596,
"Population, total",SP.POP.TOTL,Indonesia,IDN,178633239,208938698,224480901,227709821,230972808,234243489,237486894,240676485,243801639,246864191,249865631,
"Population, total",SP.POP.TOTL,"Iran, Islamic Rep.",IRN,56361868,65911052,70152384,70976584,71809219,72660887,73542954,74462314,75424285,76424443,77447168,
"Population, total",SP.POP.TOTL,Iraq,IRQ,17517521,23801156,27377045,28064095,28740630,29429829,30163199,30962380,31760020,32578209,33417476,
"Population, total",SP.POP.TOTL,Ireland,IRL,3513974,3805174,4159914,4273591,4398942,4489544,4535375,4560155,4576794,4586897,4597558,
"Population, total",SP.POP.TOTL,Isle of Man,IMY,70312,76806,80345,81068,81812,82561,83293,83992,84654,85284,85888,
"Population, total",SP.POP.TOTL,Israel,ISR,4660000,6289000,6930100,7053700,7180100,7308800,7485600,7623600,7765800,7910500,8059500,
"Population, total",SP.POP.TOTL,Italy,ITA,56719240,56942108,57969484,58143979,58438310,58826731,59095365,59277417,59379449,59539717,60233948,
"Population, total",SP.POP.TOTL,Jamaica,JAM,2390000,2589389,2643601,2653042,2662481,2671934,2681386,2690824,2699838,2707805,2714734,
"Population, total",SP.POP.TOTL,Japan,JPN,123537000,126843000,127773000,127854000,128001000,128063000,128047000,128070000,127817277,127561489,127338621,
"Population, total",SP.POP.TOTL,Jordan,JOR,3170000,4797000,5411000,5536000,5661000,5786000,5915000,6046000,6181000,6318000,6460000,
"Population, total",SP.POP.TOTL,Kazakhstan,KAZ,16348000,14883626,15147029,15308084,15484192,15674000,16092701,16321581,16556600,16791425,17035275,
"Population, total",SP.POP.TOTL,Kenya,KEN,23446439,31285050,35785718,36757498,37752304,38773277,39824734,40909194,42027891,43178141,44353691,
"Population, total",SP.POP.TOTL,Kiribati,KIR,71040,82788,90468,91953,93401,94832,96272,97743,99250,100786,102351,
"Population, total",SP.POP.TOTL,"Korea, Dem. Rep.",PRK,20194361,22840225,23813333,23969917,24111989,24243894,24371865,24500520,24631291,24763188,24895480,
"Population, total",SP.POP.TOTL,"Korea, Rep.",KOR,42869283,47008111,48138077,48371946,48597652,48948698,49182038,49410366,49779440,50004441,50219669,
"Population, total",SP.POP.TOTL,Kosovo,KSV,1862000,1700000,1705780,1719536,1733404,1747383,1761474,1775680,1790957,1807106,1824000,
"Population, total",SP.POP.TOTL,Kuwait,KWT,2059774,1906231,2296314,2417445,2554920,2702221,2850102,2991580,3124705,3250496,3368572,
"Population, total",SP.POP.TOTL,Kyrgyz Republic,KGZ,4391200,4898400,5162600,5218400,5268400,5318700,5383300,5447900,5514600,5607200,5719600,
"Population, total",SP.POP.TOTL,Lao PDR,LAO,4244520,5388281,5790646,5895930,6013278,6139127,6267968,6395713,6521314,6645827,6769727,
"Population, total",SP.POP.TOTL,Latvia,LVA,2663151,2367550,2238799,2218357,2200325,2177322,2141669,2097555,2059709,2034319,2012647,
"Population, total",SP.POP.TOTL,Lebanon,LBN,2703019,3235380,3986865,4079823,4139813,4186088,4246924,4341092,4382790,4424888,4467390,
"Population, total",SP.POP.TOTL,Lesotho,LSO,1597534,1856225,1925844,1940413,1955784,1972199,1989873,2008921,2029516,2051545,2074465,
"Population, total",SP.POP.TOTL,Liberia,LBR,2102877,2891968,3269786,3384791,3522294,3672714,3821440,3957990,4079697,4190435,4294077,
"Population, total",SP.POP.TOTL,Libya,LBY,4259811,5176185,5594450,5686475,5782108,5876805,5964325,6040612,6103233,6154623,6201521,
"Population, total",SP.POP.TOTL,Liechtenstein,LIE,28745,33093,34740,35028,35308,35582,35851,36120,36388,36656,36925,
"Population, total",SP.POP.TOTL,Lithuania,LTU,3697838,3499536,3322528,3269909,3231294,3198231,3162916,3097282,3028115,2987773,2957689,
"Population, total",SP.POP.TOTL,Luxembourg,LUX,381850,436300,465158,472637,479993,488650,497783,506953,518347,530946,543360,
"Population, total",SP.POP.TOTL,"Macao SAR, China",MAC,359735,431907,468149,479808,493206,507528,521617,534626,546278,556783,566375,
"Population, total",SP.POP.TOTL,"Macedonia, FYR",MKD,2009710,2052129,2090044,2093801,2096620,2098769,2100558,2102216,2103890,2105575,2107158,
"Population, total",SP.POP.TOTL,Madagascar,MDG,11545782,15744811,18290394,18826126,19371023,19926785,20495695,21079532,21678934,22293914,22924851,
"Population, total",SP.POP.TOTL,Malawi,MWI,9447123,11321496,12924746,13307535,13713758,14138207,14573338,15013694,15457531,15906483,16362567,
"Population, total",SP.POP.TOTL,Malaysia,MYS,18211097,23420751,25843466,26327098,26813819,27302348,27790324,28275835,28758968,29239927,29716965,
"Population, total",SP.POP.TOTL,Maldives,MDV,215859,272745,297576,302825,308239,313843,319660,325694,331964,338442,345023,
"Population, total",SP.POP.TOTL,Mali,MLI,7964066,10260577,11941258,12325545,12725629,13138299,13559296,13985961,14416737,14853572,15301650,
"Population, total",SP.POP.TOTL,Malta,MLT,354170,381363,403834,405308,406724,409379,412477,414508,416268,419455,423374,
"Population, total",SP.POP.TOTL,Marshall Islands,MHL,47300,52161,52058,52084,52150,52245,52341,52428,52495,52555,52634,
"Population, total",SP.POP.TOTL,Mauritania,MRT,2024163,2708095,3146164,3237713,3330037,3422901,3516077,3609420,3702763,3796141,3889880,
"Population, total",SP.POP.TOTL,Mauritius,MUS,1058775,1186873,1228254,1233996,1239630,1244121,1247429,1250400,1252404,1255882,1258653,
"Population, total",SP.POP.TOTL,Mexico,MEX,86077004,103873607,110731826,112116694,113529819,114968039,116422752,117886404,119361233,120847477,122332399,
"Population, total",SP.POP.TOTL,"Micronesia, Fed. Sts.",FSM,96331,107430,106198,105686,105097,104498,103983,103619,103424,103395,103549,
"Population, total",SP.POP.TOTL,Moldova,MDA,3696000,3639592,3595187,3585209,3576910,3570108,3565604,3562045,3559986,3559519,3558566,
"Population, total",SP.POP.TOTL,Monaco,MCO,29438,32081,33808,34369,35013,35686,36314,36845,37261,37579,37831,
"Population, total",SP.POP.TOTL,Mongolia,MNG,2184159,2397473,2526502,2559496,2595068,2632834,2672223,2712738,2754209,2796484,2839073,
"Population, total",SP.POP.TOTL,Montenegro,MNE,614601,611196,615820,616854,617800,618649,619408,620078,620644,621081,621383,
"Population, total",SP.POP.TOTL,Morocco,MAR,24674974,28710123,30125445,30395097,30667086,30955151,31276564,31642360,32059424,32521143,33008150,
"Population, total",SP.POP.TOTL,Mozambique,MOZ,13567959,18275618,21010376,21587317,22171404,22762525,23361025,23967265,24581367,25203395,25833752,
"Population, total",SP.POP.TOTL,Myanmar,MMR,42123003,48453000,50181020,50500070,50828959,51174018,51540490,51931231,52350763,52797319,53259018,
"Population, total",SP.POP.TOTL,Namibia,NAM,1415447,1897953,2027026,2052931,2080700,2110791,2143498,2178967,2217618,2259393,2303315,
"Population, total",SP.POP.TOTL,Nepal,NPL,18111200,23184177,25292058,25634043,25950022,26249412,26544943,26846016,27156367,27474377,27797457,
"Population, total",SP.POP.TOTL,Netherlands,NLD,14951510,15925513,16319868,16346101,16381696,16445593,16530388,16615394,16693074,16754962,16804432,
"Population, total",SP.POP.TOTL,New Caledonia,NCL,170899,213230,231779,235314,238902,242546,246245,250000,254000,258000,262000,
"Population, total",SP.POP.TOTL,New Zealand,NZL,3329800,3857700,4133900,4184600,4223800,4259800,4302600,4350700,4384000,4408100,4442100,
"Population, total",SP.POP.TOTL,Nicaragua,NIC,4137788,5100920,5455219,5524927,5595533,5667983,5743329,5822209,5905146,5991733,6080478,
"Population, total",SP.POP.TOTL,Niger,NER,7753907,10989815,13183798,13679705,14197289,14737895,15302948,15893746,16511462,17157042,17831270,
"Population, total",SP.POP.TOTL,Nigeria,NGA,95617350,122876727,139585891,143314909,147187353,151208080,155381020,159707780,164192925,168833776,173615345,
"Population, total",SP.POP.TOTL,Northern Mariana Islands,MNP,43972,68434,64372,62235,59792,57345,55278,53860,53230,53305,53855,
"Population, total",SP.POP.TOTL,Norway,NOR,4241473,4490967,4623291,4660677,4709153,4768212,4828726,4889252,4953088,5018573,5080166,
"Population, total",SP.POP.TOTL,Oman,OMN,1810103,2192535,2522325,2554905,2569739,2593523,2663224,2802768,3024774,3314001,3632444,
"Population, total",SP.POP.TOTL,Pakistan,PAK,111090879,143832014,157971415,160905794,163928329,167008083,170093999,173149306,176166353,179160111,182142594,
"Population, total",SP.POP.TOTL,Palau,PLW,15089,19174,19907,20012,20118,20228,20344,20470,20606,20754,20918,
"Population, total",SP.POP.TOTL,Panama,PAN,2486776,3054812,3365929,3428509,3491034,3553480,3615846,3678128,3740282,3802281,3864170,
"Population, total",SP.POP.TOTL,Papua New Guinea,PNG,4157903,5379226,6095959,6245797,6397623,6550877,6704829,6858945,7012977,7167010,7321262,
"Population, total",SP.POP.TOTL,Paraguay,PRY,4249747,5350253,5904170,6014781,6125285,6236005,6347383,6459721,6573097,6687361,6802295,
"Population, total",SP.POP.TOTL,Peru,PER,21772035,26000080,27723281,28030688,28328410,28625628,28934303,29262830,29614887,29987800,30375603,
"Population, total",SP.POP.TOTL,Philippines,PHL,61948688,77651848,85821214,87366573,88875548,90371287,91886400,93444322,95053437,96706764,98393574,
"Population, total",SP.POP.TOTL,Poland,POL,38110782,38258629,38165445,38141267,38120560,38125759,38151603,38183683,38534157,38535873,38514479,
"Population, total",SP.POP.TOTL,Portugal,PRT,9983218,10289898,10503330,10522288,10542964,10558177,10568247,10573100,10557560,10514844,10457295,
"Population, total",SP.POP.TOTL,Puerto Rico,PRI,3537000,3810605,3821362,3805214,3782995,3760866,3740410,3721208,3686580,3651545,3615086,
"Population, total",SP.POP.TOTL,Qatar,QAT,476517,593693,821159,967602,1152459,1359114,1564082,1749713,1910902,2050514,2168673,
"Population, total",SP.POP.TOTL,Romania,ROM,23201835,22442971,21319685,21193760,20882982,20537875,20367487,20246871,20147528,20058035,19981358,
"Population, total",SP.POP.TOTL,Russia,RUS,148292000,146596870,143113885,142487260,142114903,141956409,141909244,142385523,142956460,143178000,143499861,
"Population, total",SP.POP.TOTL,Rwanda,RWA,7214696,8395577,9429457,9660946,9928143,10222961,10529668,10836732,11144315,11457801,11776522,
"Population, total",SP.POP.TOTL,Samoa,WSM,162865,174614,179928,181073,182240,183444,184704,186029,187429,188889,190372,
"Population, total",SP.POP.TOTL,San Marino,SMR,24135,26969,29775,30130,30377,30549,30698,30861,31048,31247,31448,
"Population, total",SP.POP.TOTL,Sao Tome and Principe,STP,117395,139428,154615,158806,163390,168253,173240,178228,183177,188098,192993,
"Population, total",SP.POP.TOTL,Saudi Arabia,SAU,16206078,20144584,24690067,25371936,25915624,26366358,26796375,27258387,27761728,28287855,28828870,
"Population, total",SP.POP.TOTL,Senegal,SEN,7514110,9861679,11270826,11582925,11904974,12238791,12586827,12950564,13330737,13726021,14133280,
"Population, total",SP.POP.TOTL,Serbia,SRB,7586000,7516346,7440769,7411569,7381579,7350222,7320807,7291436,7234099,7199077,7164132,
"Population, total",SP.POP.TOTL,Seychelles,SYC,70000,81131,82900,84600,85033,86956,87298,89770,87441,88303,89173,
"Population, total",SP.POP.TOTL,Sierra Leone,SLE,4042678,4139757,5119895,5280909,5416015,5532139,5641182,5751976,5865491,5978727,6092075,
"Population, total",SP.POP.TOTL,Singapore,SGP,3047100,4027900,4265800,4401400,4588600,4839400,4987600,5076700,5183700,5312400,5399200,
"Population, total",SP.POP.TOTL,Sint Maarten (Dutch part),SXM,,30519,36936,38272,39464,40459,39133,37850,38486,39088,39689,
"Population, total",SP.POP.TOTL,Slovak Republic,SVK,5299187,5388720,5372807,5373054,5374622,5379233,5386406,5391428,5398384,5407579,5413393,
"Population, total",SP.POP.TOTL,Slovenia,SVN,1998161,1988925,2000474,2006868,2018122,2021316,2039669,2048583,2052843,2057159,2059953,
"Population, total",SP.POP.TOTL,Solomon Islands,SLB,311849,412336,469306,480745,492148,503541,514964,526447,537997,549598,561231,
"Population, total",SP.POP.TOTL,Somalia,SOM,6321615,7385416,8466938,8687671,8910851,9140259,9380854,9636173,9907903,10195134,10495583,
"Population, total",SP.POP.TOTL,South Africa,ZAF,35200000,44000000,47349013,47991699,48656506,49344228,50055701,50791808,51553479,52341695,53157490,
"Population, total",SP.POP.TOTL,South Sudan,SSD,5764216,6652984,8039351,8376893,8736736,9118386,9520571,9940929,10381110,10837527,11296173,
"Population, total",SP.POP.TOTL,Spain,ESP,38850435,40263216,43653155,44397319,45226803,45954106,46362946,46576897,46742697,46773055,46617825,
"Population, total",SP.POP.TOTL,Sri Lanka,LKA,17015000,19102000,19644000,19858000,20039000,20217000,20450000,20653000,20869000,20328000,20483000,
"Population, total",SP.POP.TOTL,St. Kitts and Nevis,KNA,40833,45544,49139,49823,50478,51110,51731,52352,52971,53584,54191,
"Population, total",SP.POP.TOTL,St. Lucia,LCA,138180,156949,165407,167658,170149,172734,175200,177397,179271,180870,182273,
"Population, total",SP.POP.TOTL,St. Martin (French part),MAF,30036,28384,27906,28414,28905,29376,29820,30235,30615,30959,31264,
"Population, total",SP.POP.TOTL,St. Vincent and the Grenadines,VCT,107509,107897,108749,108908,109045,109158,109249,109316,109357,109373,109373,
"Population, total",SP.POP.TOTL,Sudan,SDN,20008804,27729798,31585871,32397535,33218250,34040065,34853178,35652002,36430923,37195349,37964306,
"Population, total",SP.POP.TOTL,Suriname,SUR,406764,466668,499523,505186,510433,515372,520173,524960,529761,534541,539276,
"Population, total",SP.POP.TOTL,Swaziland,SWZ,862728,1063715,1104642,1118253,1134977,1153929,1173678,1193148,1212159,1230985,1249514,
"Population, total",SP.POP.TOTL,Sweden,SWE,8558835,8872109,9029572,9080505,9148092,9219637,9298515,9378126,9449213,9519374,9600379,
"Population, total",SP.POP.TOTL,Switzerland,CHE,6715519,7184250,7437115,7483934,7551117,7647675,7743831,7824909,7912398,7996861,8087875,
"Population, total",SP.POP.TOTL,Syrian Arab Republic,SYR,12451539,16371208,18167367,18804914,19561477,20346056,21031546,21532647,21961676,22399254,22845550,
"Population, total",SP.POP.TOTL,Tajikistan,TJK,5297286,6186152,6805655,6954522,7111025,7275252,7447396,7627326,7814850,8008990,8207834,
"Population, total",SP.POP.TOTL,Tanzania,TZA,25484814,34020512,38824384,39942347,41119693,42353790,43639752,44973330,46354607,47783107,49253126,
"Population, total",SP.POP.TOTL,Thailand,THA,56582726,62343379,65559487,65883961,66076927,66185340,66277335,66402316,66576332,66785001,67010502,
"Population, total",SP.POP.TOTL,Timor-Leste,TMP,751488,853585,982889,999053,1015482,1032182,1049156,1066409,1120392,1148958,1180069,
"Population, total",SP.POP.TOTL,Togo,TGO,3787602,4864753,5540214,5685845,5834806,5987491,6144457,6306014,6472304,6642928,6816982,
"Population, total",SP.POP.TOTL,Tonga,TON,95165,97962,100960,101617,102289,102947,103557,104098,104554,104941,105323,
"Population, total",SP.POP.TOTL,Trinidad and Tobago,TTO,1221904,1267980,1296933,1303478,1310040,1316449,1322518,1328095,1333082,1337439,1341151,
"Population, total",SP.POP.TOTL,Tunisia,TUN,8154400,9552500,10029000,10127900,10225100,10328900,10439600,10547100,10673800,10777500,10886500,
"Population, total",SP.POP.TOTL,Turkey,TUR,53994605,63174483,67743052,68626337,69496513,70363511,71241080,72137546,73058638,73997128,74932641,
"Population, total",SP.POP.TOTL,Turkmenistan,TKM,3668000,4501419,4747839,4801595,4858236,4917543,4978962,5041995,5106668,5172931,5240072,
"Population, total",SP.POP.TOTL,Turks and Caicos Islands,TCA,11550,18876,26450,27642,28638,29481,30247,30993,31726,32427,33098,
"Population, total",SP.POP.TOTL,Tuvalu,TUV,9004,9419,9694,9732,9764,9788,9808,9827,9844,9860,9876,
"Population, total",SP.POP.TOTL,Uganda,UGA,17534839,24275641,28724869,29711397,30728747,31778799,32864328,33987213,35148064,36345860,37578876,
"Population, total",SP.POP.TOTL,Ukraine,UKR,51892000,49175848,47105150,46787750,46509350,46258200,46053300,45870700,45706100,45593300,45489600,
"Population, total",SP.POP.TOTL,United Arab Emirates,ARE,1806498,3026352,4148883,4875639,5797347,6798635,7718319,8441537,8925096,9205651,9346129,
"Population, total",SP.POP.TOTL,United Kingdom,GBR,57247586,58892514,60401206,60846820,61322463,61806995,62276270,62766365,63258918,63700300,64106779,
"Population, total",SP.POP.TOTL,USA,USA,249623000,282162411,295516599,298379912,301231207,304093966,306771529,309326295,311582564,313873685,316128839,
"Population, total",SP.POP.TOTL,Uruguay,URY,3109941,3320841,3325155,3330217,3338384,3348898,3360431,3371982,3383486,3395253,3407062,
"Population, total",SP.POP.TOTL,Uzbekistan,UZB,20510000,24650400,26167000,26488250,26868000,27302800,27767400,28562400,29339400,29774500,30243200,
"Population, total",SP.POP.TOTL,Vanuatu,VUT,146633,185058,209375,214654,220001,225398,230833,236299,241778,247262,252763,
"Population, total",SP.POP.TOTL,"Venezuela, RB",VEN,19740786,24407553,26725897,27190882,27655937,28120312,28583040,29043283,29500625,29954782,30405207,
"Population, total",SP.POP.TOTL,Vietnam,VNM,66016700,77630900,82392100,83311200,84218500,85118700,86025000,86932500,87840000,88772900,89708900,
"Population, total",SP.POP.TOTL,Virgin Islands (U.S.),VIR,103963,108639,107863,107700,107423,107091,106707,106267,105784,105275,104737,
"Population, total",SP.POP.TOTL,West Bank and Gaza,WBG,1978248,2922153,3320396,3406334,3494496,3596688,3702218,3811102,3927051,4046901,4169506,
"Population, total",SP.POP.TOTL,"Yemen, Rep.",YEM,11790249,17522537,20139661,20661714,21182162,21703571,22229625,22763008,23304206,23852409,24407381,
"Population, total",SP.POP.TOTL,Zambia,ZMB,7844516,10100981,11470022,11781612,12109620,12456527,12825031,13216985,13633796,14075099,14538640,
"Population, total",SP.POP.TOTL,Zimbabwe,ZWE,10461782,12503652,12710589,12724308,12740160,12784041,12888918,13076978,13358738,13724317,14149648,
